{
  "config_name": "vllm_bf16_prefixcaching",
  "model_id": "mistralai/Mistral-7B-Instruct-v0.3",
  "input_file": "data/agnews_bench_1000.jsonl",
  "n_requests_measured": 990,
  "warmup_requests": 10,
  "concurrency": 4,
  "throughput_req_per_s": 11.369196354796957,
  "latency_avg_s": 0.3505514570127942,
  "latency_p50_s": 0.2763462669972796,
  "latency_p95_s": 0.6308939339942299,
  "latency_p99_s": 0.6600371199892834,
  "n_valid_predictions": 981,
  "n_invalid_predictions": 9,
  "accuracy_valid_only": 0.7420998980632009,
  "accuracy_overall_invalid_as_wrong": 0.7353535353535353
}