{
  "num_requests": 20,
  "concurrency": 4,
  "total_time_s": 1.0183490999988862,
  "throughput_req_per_s": 19.639630456806877,
  "latency_mean_s": 0.20360299500025575,
  "latency_p50_s": 0.20239030000084313,
  "latency_p95_s": 0.20704939999995986,
  "latency_p99_s": 0.2070543000008911
}