{
  "config_name": "hf_baseline",
  "model_id": "mistralai/Mistral-7B-Instruct-v0.3",
  "input_file": "data/agnews_bench_1000.jsonl",
  "n_requests_measured": 990,
  "warmup_requests": 10,
  "concurrency": 16,
  "throughput_req_per_s": 3.0838514130948673,
  "latency_avg_s": 5.170235403242411,
  "latency_p50_s": 3.147604580999541,
  "latency_p95_s": 12.101041104000615,
  "latency_p99_s": 12.273713971999314,
  "n_valid_predictions": 983,
  "n_invalid_predictions": 7,
  "accuracy_valid_only": 0.7375381485249237,
  "accuracy_overall_invalid_as_wrong": 0.7323232323232324
}