{
  "config_name": "hf_baseline",
  "model_id": "mistralai/Mistral-7B-Instruct-v0.3",
  "input_file": "data/agnews_bench_1000.jsonl",
  "n_requests_measured": 990,
  "warmup_requests": 10,
  "concurrency": 4,
  "throughput_req_per_s": 4.276457810216964,
  "latency_avg_s": 0.9342621755686857,
  "latency_p50_s": 0.5921047530000578,
  "latency_p95_s": 2.138742803000241,
  "latency_p99_s": 2.257880868999564,
  "n_valid_predictions": 983,
  "n_invalid_predictions": 7,
  "accuracy_valid_only": 0.7375381485249237,
  "accuracy_overall_invalid_as_wrong": 0.7323232323232324
}