{
  "config_name": "hf_baseline",
  "model_id": "mistralai/Mistral-7B-Instruct-v0.3",
  "input_file": "data/agnews_bench_1000.jsonl",
  "n_requests_measured": 990,
  "warmup_requests": 10,
  "concurrency": 1,
  "throughput_req_per_s": 4.315143709652231,
  "latency_avg_s": 0.2316931029606084,
  "latency_p50_s": 0.15334066700052063,
  "latency_p95_s": 0.5079958400001487,
  "latency_p99_s": 0.516402573999585,
  "n_valid_predictions": 983,
  "n_invalid_predictions": 7,
  "accuracy_valid_only": 0.7375381485249237,
  "accuracy_overall_invalid_as_wrong": 0.7323232323232324
}