{
  "config_name": "hf_baseline",
  "model_id": "mistralai/Mistral-7B-Instruct-v0.3",
  "input_file": "data/agnews_bench_1000.jsonl",
  "n_requests_measured": 990,
  "warmup_requests": 10,
  "concurrency": 8,
  "throughput_req_per_s": 2.8852818624386534,
  "latency_avg_s": 2.768276043699976,
  "latency_p50_s": 1.6843147409999801,
  "latency_p95_s": 6.489315560999785,
  "latency_p99_s": 6.571961507999731,
  "n_valid_predictions": 983,
  "n_invalid_predictions": 7,
  "accuracy_valid_only": 0.7375381485249237,
  "accuracy_overall_invalid_as_wrong": 0.7323232323232324
}